<?xml version="1.0"?>
<!--<!DOCTYPE metadata SYSTEM "http://www.esri.com/metadata/esriprof80.dtd">-->
<metadata xml:lang="nl"><Esri><CreaDate>20050621</CreaDate><CreaTime>14413900</CreaTime><SyncOnce>FALSE</SyncOnce><MetaID>{D40A3184-181E-4E4A-BED4-F992A0565617}</MetaID><SyncDate>20060330</SyncDate><SyncTime>11104900</SyncTime><ModDate>20060330</ModDate><ModTime>11104900</ModTime></Esri><idinfo><citation><citeinfo><onlink Sync="TRUE">\\Fms\shared\datac\Geo\arc-maps\lat-long\world\World_Maritime_Boundaries.shp</onlink><origin>Flanders Marine Institute</origin><pubdate>30/03/2006</pubdate><title>Maritime Boundaries of the World</title><ftname Sync="TRUE">World_Maritime_Boundaries</ftname><geoform Sync="TRUE">vector digital data</geoform><pubinfo><pubplace>Oostende</pubplace><publish>Flanders Marine Institute</publish></pubinfo></citeinfo></citation><native Sync="TRUE">Microsoft Windows 2000 Version 5.0 (Build 2195) Service Pack 4; ESRI ArcCatalog 9.0.0.535</native><descript><langdata>en</langdata><abstract>This is a global dataset containing maritime boundaries. This dataset is produced by the Flanders Marine Institute and is available free of charge. The dataset can be downloaded from http://www.vliz.be/vmdcdata/marbound.</abstract><purpose>The dataset can be used for scientific, educational or research purposes but should not be used for legal, commercial/economical (exploration of natural resources) or navigational purposes. </purpose></descript><timeperd><current>publication date</current><timeinfo><sngdate/></timeinfo></timeperd><status><progress>In work</progress><update>As needed</update></status><spdom><bounding><westbc Sync="TRUE">-180.000000</westbc><eastbc Sync="TRUE">180.000000</eastbc><northbc Sync="TRUE">87.023944</northbc><southbc Sync="TRUE">-75.118695</southbc></bounding><lboundng><leftbc Sync="TRUE">-180.000000</leftbc><rightbc Sync="TRUE">180.000000</rightbc><bottombc Sync="TRUE">-75.118695</bottombc><topbc Sync="TRUE">87.023944</topbc></lboundng></spdom><keywords><theme><themekey>Maritime Boundaries</themekey></theme><place><placekey>World</placekey></place></keywords><accconst>The data is provided "as is", and no warranty express, implied or otherwise is offered as to the data's accuracy. The developers do not imply any opinion concerning the legal status of any country, territory or area, or concerning the delimitation of its frontiers or boundaries. The data can be used for educational, scientific or research purposes but should not be used for legal, commercial/economical (exploration of natural resources) or navigational purposes.

Anyone can download this data but it is for the sole use of the organisation or individual downloading the data. The geodata may not be redistributed without the permission of the Flanders Marine Institute (VLIZ). The geodata may be used in a Value-Added Software Application (like webservices), on condition that the Flanders Marine Institute is acknowledged as the source of the data. Redistribution rights are granted for hard-copy renditions or static, electronic map images (e.g. jpeg, gif, etc.) that are plotted, printed or publicly displayed with reference to the Flanders Marine Institute. Redistribution rights are also granted for derived products. </accconst><natvform Sync="TRUE">Shapefile</natvform><ptcontac><cntinfo><cntorgp><cntorg>Flanders Marine Institute</cntorg><cntper>Pieter Deckers</cntper></cntorgp><cntaddr><addrtype>physical address</addrtype><address>Wandelaarkaai 7</address><city>Oostende</city><postal>8400</postal><country>Wandelaarkaai</country></cntaddr><cntvoice>+32 [0]59/34 21 30</cntvoice><cntfax>+32 [0]59/34 21 31</cntfax><cntemail>pieter.deckers@vliz.be</cntemail><cntinst>info@vliz.be</cntinst></cntinfo></ptcontac></idinfo><distInfo><distributor><distorTran><onLineSrc><linkage Sync="TRUE">file://\\Fms\shared\datac\Geo\arc-maps\lat-long\world\World_Maritime_Boundaries.shp</linkage><protocol Sync="TRUE">Local Area Network</protocol><orDesc Sync="TRUE">002</orDesc></onLineSrc><transSize Sync="TRUE">0.978</transSize></distorTran><distorFormat><formatName Sync="TRUE">Shapefile</formatName></distorFormat></distributor></distInfo><dataqual><lineage><srcinfo><srccite><citeinfo><title>Australian Maritime Boundaries Information System (AMBIS) 2001</title><origin>Geoscience Australia</origin><onlink>http://www.ga.gov.au/nmd/products/thematic/ambis.jsp</onlink></citeinfo></srccite><srccitea>AMBIS 2001</srccitea><srccontr>This dataset was used as a source for the maritime boundaries of Australia and its overseas territories.</srccontr></srcinfo><srcinfo><srccitea>Eurosion GIS Database</srccitea><srccite><citeinfo><title>Eurosion GIS Database</title><onlink>http://www.eurosion.org/database/index.html</onlink></citeinfo></srccite><srccontr>This dataset was used as a source for the maritime boundaries of some European countries.</srccontr></srcinfo><srcinfo><srccite><citeinfo><title>NOAA Maritime Boundaries</title><origin>NOAA</origin><onlink>http://www.nauticalcharts.noaa.gov/csdl/eez.htm</onlink></citeinfo></srccite><srccitea>NOAA</srccitea><srccontr>This dataset was used as a source for the maritime boundaries of the United States and its overseas territories.</srccontr></srcinfo><procstep><proccont><cntinfo><cntorgp><cntorg>Flanders Marine Institute</cntorg><cntper>Pieter Deckers</cntper></cntorgp></cntinfo></proccont><srcused>AMBIS 2001</srcused><srcused>Eurosion GIS Database</srcused><srcused>NOAA Maritime Boundaries</srcused><procdesc>Compilation of available datasets to 1 dataset.</procdesc><procsv>ArcView 9</procsv></procstep><procstep><procdesc>Conversion of treaties to a GIS: coordinates of maritime boundaries established in treaties were imported in a GIS and lines were derived from those points.</procdesc><proccont><cntinfo><cntorgp><cntorg>Flanders Marine Institute</cntorg><cntper>Pieter Deckers</cntper></cntorgp></cntinfo></proccont><procsv>ArcView 9</procsv></procstep><procstep><proccont><cntinfo><cntorgp><cntorg>Flanders Marine Institute</cntorg><cntper>Pieter Deckers</cntper></cntorgp></cntinfo></proccont><procdesc>Calculation of the 200 Nautical Mile limit of a country.</procdesc><procsv>ArcView 9</procsv></procstep><procstep><procdesc>Calculation of the median lines between countries. If the distance between two countries is less than 400 Nautical Miles the median line was calculated. Herefore an extension that calculates Thiessen Polygons was used.</procdesc><proccont><cntinfo><cntorgp><cntorg>Flanders Marine Institute</cntorg><cntper>Pieter Deckers</cntper></cntorgp></cntinfo></proccont><procsv>ArcView</procsv></procstep></lineage></dataqual><dataIdInfo><envirDesc Sync="TRUE">Microsoft Windows 2000 Version 5.0 (Build 2195) Service Pack 4; ESRI ArcCatalog 9.0.0.535</envirDesc><dataLang><languageCode Sync="TRUE" value="nl"></languageCode></dataLang><idCitation><resTitle Sync="TRUE">World_Maritime_Boundaries</resTitle><presForm><PresFormCd Sync="TRUE" value="005"></PresFormCd></presForm></idCitation><spatRpType><SpatRepTypCd Sync="TRUE" value="001"></SpatRepTypCd></spatRpType><dataExt><geoEle><GeoBndBox esriExtentType="native"><westBL Sync="TRUE">-180</westBL><eastBL Sync="TRUE">180</eastBL><northBL Sync="TRUE">87.023944</northBL><southBL Sync="TRUE">-75.118695</southBL><exTypeCode Sync="TRUE">1</exTypeCode></GeoBndBox></geoEle></dataExt><geoBox esriExtentType="decdegrees"><westBL Sync="TRUE">-180</westBL><eastBL Sync="TRUE">180</eastBL><northBL Sync="TRUE">87.023944</northBL><southBL Sync="TRUE">-75.118695</southBL><exTypeCode Sync="TRUE">1</exTypeCode></geoBox></dataIdInfo><metainfo><langmeta>en</langmeta><metstdn Sync="TRUE">FGDC Content Standards for Digital Geospatial Metadata</metstdn><metstdv Sync="TRUE">FGDC-STD-001-1998</metstdv><mettc Sync="TRUE">local time</mettc><metc><cntinfo><cntorgp><cntper>Pieter Deckers</cntper><cntorg>Flanders Marine Institute</cntorg></cntorgp><cntaddr><addrtype>physical address</addrtype><address>Wandelaarkaai 7</address><city>Oostende</city><postal>8400</postal><country>Belgium</country></cntaddr><cntvoice>+32 [0]59/34 21 30</cntvoice><cntfax>+32 [0]59/34 21 31</cntfax><cntemail>pieter.deckers@vliz.be</cntemail></cntinfo></metc><metd Sync="TRUE">20060330</metd><metextns><onlink Sync="TRUE">http://www.esri.com/metadata/esriprof80.html</onlink><metprof Sync="TRUE">ESRI Metadata Profile</metprof></metextns></metainfo><mdLang><languageCode Sync="TRUE" value="nl"></languageCode></mdLang><mdStanName Sync="TRUE">ISO 19115 Geographic Information - Metadata</mdStanName><mdStanVer Sync="TRUE">DIS_ESRI1.0</mdStanVer><mdChar><CharSetCd Sync="TRUE" value="004"></CharSetCd></mdChar><mdHrLv><ScopeCd Sync="TRUE" value="005"></ScopeCd></mdHrLv><mdHrLvName Sync="TRUE">dataset</mdHrLvName><distinfo><stdorder><digform><digtinfo><transize Sync="TRUE">0.978</transize><dssize Sync="TRUE">0.978</dssize></digtinfo></digform></stdorder><distrib><cntinfo><cntorgp><cntorg>Flanders Marine Institute</cntorg><cntper>Pieter Deckers</cntper></cntorgp></cntinfo></distrib><resdesc Sync="TRUE">Downloadable Data</resdesc></distinfo><spdoinfo><direct Sync="TRUE">Vector</direct><ptvctinf><esriterm Name="World_Maritime_Boundaries"><efeatyp Sync="TRUE">Simple</efeatyp><efeageom Sync="TRUE">Polyline</efeageom><esritopo Sync="TRUE">FALSE</esritopo><efeacnt Sync="TRUE">593</efeacnt><spindex Sync="TRUE">TRUE</spindex><linrefer Sync="TRUE">FALSE</linrefer></esriterm><sdtsterm Name="World_Maritime_Boundaries"><sdtstype Sync="TRUE">String</sdtstype><ptvctcnt Sync="TRUE">593</ptvctcnt></sdtsterm></ptvctinf></spdoinfo><spref><horizsys><cordsysn><geogcsn Sync="TRUE">GCS_WGS_1984</geogcsn></cordsysn><geograph><geogunit Sync="TRUE">Decimal degrees</geogunit><latres Sync="TRUE">0.000001</latres><longres Sync="TRUE">0.000001</longres></geograph><geodetic><horizdn Sync="TRUE">D_WGS_1984</horizdn><ellips Sync="TRUE">WGS_1984</ellips><semiaxis Sync="TRUE">6378137.000000</semiaxis><denflat Sync="TRUE">298.257224</denflat></geodetic></horizsys></spref><refSysInfo><RefSystem><refSysID><identCode Sync="TRUE">GCS_WGS_1984</identCode></refSysID></RefSystem></refSysInfo><spatRepInfo><VectSpatRep><topLvl><TopoLevCd Sync="TRUE" value="001"></TopoLevCd></topLvl><geometObjs Name="World_Maritime_Boundaries"><geoObjTyp><GeoObjTypCd Sync="TRUE" value="001"></GeoObjTypCd></geoObjTyp><geoObjCnt Sync="TRUE">593</geoObjCnt></geometObjs></VectSpatRep></spatRepInfo><eainfo><detailed Name="World_Maritime_Boundaries"><enttyp><enttypl Sync="TRUE">World_Maritime_Boundaries</enttypl><enttypt Sync="TRUE">Feature Class</enttypt><enttypc Sync="TRUE">593</enttypc></enttyp><attr><attrlabl Sync="TRUE">FID</attrlabl><attalias Sync="TRUE">FID</attalias><attrtype Sync="TRUE">OID</attrtype><attwidth Sync="TRUE">4</attwidth><atprecis Sync="TRUE">0</atprecis><attscale Sync="TRUE">0</attscale><attrdef Sync="TRUE">Internal feature number.</attrdef><attrdefs Sync="TRUE">ESRI</attrdefs><attrdomv><udom Sync="TRUE">Sequential unique whole numbers that are automatically generated.</udom></attrdomv></attr><attr><attrlabl Sync="TRUE">Shape</attrlabl><attalias Sync="TRUE">Shape</attalias><attrtype Sync="TRUE">Geometry</attrtype><attwidth Sync="TRUE">0</attwidth><atprecis Sync="TRUE">0</atprecis><attscale Sync="TRUE">0</attscale><attrdef Sync="TRUE">Feature geometry.</attrdef><attrdefs Sync="TRUE">ESRI</attrdefs><attrdomv><udom Sync="TRUE">Coordinates defining the features.</udom></attrdomv></attr><attr><attrlabl Sync="TRUE">Id</attrlabl><attalias Sync="TRUE">Id</attalias><attrtype Sync="TRUE">Number</attrtype><attwidth Sync="TRUE">6</attwidth><attrdef>Unique ID</attrdef></attr><attr><attrlabl Sync="TRUE">Source</attrlabl><attalias Sync="TRUE">Source</attalias><attrtype Sync="TRUE">String</attrtype><attwidth Sync="TRUE">50</attwidth><attrdef>Source</attrdef></attr><attr><attrlabl Sync="TRUE">TYPE</attrlabl><attalias Sync="TRUE">TYPE</attalias><attrtype Sync="TRUE">String</attrtype><attwidth Sync="TRUE">20</attwidth><attrdef>Type (Treaty, Median Line, 200NM, Disputed Line)</attrdef></attr><attr><attrlabl Sync="TRUE">Boundary</attrlabl><attalias Sync="TRUE">Boundary</attalias><attrtype Sync="TRUE">String</attrtype><attwidth Sync="TRUE">200</attwidth><attrdef>Name of the Boundary</attrdef></attr><attr><attrlabl Sync="TRUE">Country1</attrlabl><attalias Sync="TRUE">Country1</attalias><attrtype Sync="TRUE">Number</attrtype><attwidth Sync="TRUE">4</attwidth><attrdef>ID of country 1 (used for the link with the EEZ layer)</attrdef></attr><attr><attrlabl Sync="TRUE">Country2</attrlabl><attalias Sync="TRUE">Country2</attalias><attrtype Sync="TRUE">Number</attrtype><attwidth Sync="TRUE">4</attwidth><attrdef>ID of country 2 (used for the link with the EEZ layer)</attrdef></attr><attr><attrlabl Sync="TRUE">Last_Chang</attrlabl><attalias Sync="TRUE">Last_Chang</attalias><attrtype Sync="TRUE">String</attrtype><attwidth Sync="TRUE">12</attwidth><attrdef>Date when last change was modified on the record</attrdef></attr></detailed></eainfo><mdDateSt Sync="TRUE">20060330</mdDateSt></metadata>
